t_subreddit,t_avg,c_subreddit,c_avg
BabyBumps,0.0189,infertility,0.143
beyondthebump,0.0166,childfree,0.0477
homebirth,0.0106,Fitness,0.0302
pregnant,0.0064,AskWomen,0.0266
daddit,0.0053,running,0.0186
predaddit,0.0043,gardening,0.0183
Parenting,0.0037,Baking,0.0174
Mommit,0.0035,Cooking,0.0133
NewParents,0.0,GradSchool,0.0124
BeyondTheBumpUK,0.0,careerguidance,0.0013
UKParenting,0.0,careeradvice,0.0009
ScienceBasedParenting,0.0,PhD,0.0007
,,Millennials,0.0006
,,GYM,0.0002
,,Adulting,0.0
,,GenZ,0.0
,,Younger_GenZ,0.0
,,OlderGenZ,0.0
,,MiddleGenZ,0.0
,,IVF,0.0
,,Older_Millennials,0.0
,,millenials,0.0
,,truechildfree,0.0
