t_subreddit,t_ln_postpermonth,t_sample_cnt,t_avg_postperauthor_month,c_subreddit,c_ln_postpermonth,c_sample_cnt,c_avg_postperauthor_month
TryingForABaby,0.24,534,0.28,Health,0.76,174,1.13
TFABChartStalkers,0.16,102,0.17,reddit.com,0.36,295,0.43
crochet,0.12,219,0.13,business,0.32,154,0.38
TFABLinePorn,0.12,280,0.13,politics,0.28,444,0.32
ttcafterloss,0.11,101,0.12,worldnews,0.27,343,0.31
weddingplanning,0.1,403,0.1,infertility,0.27,108,0.31
CautiousBB,0.08,196,0.09,science,0.22,212,0.25
AskReddit,0.08,1992,0.09,sports,0.2,169,0.22
wow,0.08,103,0.08,technology,0.2,291,0.22
TrollXChromosomes,0.07,170,0.08,nba,0.19,182,0.21
AdviceAnimals,0.07,482,0.07,leagueoflegends,0.16,269,0.17
Miscarriage,0.07,119,0.07,canada,0.16,158,0.17
breakingmom,0.07,547,0.08,TrollXChromosomes,0.16,130,0.18
RedditLaqueristas,0.07,149,0.07,AskOuija,0.16,135,0.17
raisedbynarcissists,0.07,272,0.07,environment,0.16,106,0.17
Teachers,0.06,122,0.07,childfree,0.12,636,0.13
aww,0.06,1538,0.07,AdviceAnimals,0.12,580,0.13
keto,0.06,269,0.06,DotA2,0.11,110,0.11
itookapicture,0.06,126,0.06,succulents,0.11,253,0.11
cats,0.06,646,0.06,AskReddit,0.11,3150,0.12
FoodPorn,0.06,142,0.06,weightroom,0.1,108,0.11
Christianity,0.06,107,0.07,learnmath,0.1,133,0.1
trees,0.06,310,0.06,woahdude,0.1,106,0.1
houseplants,0.06,143,0.06,MMA,0.09,110,0.09
thesims,0.06,102,0.06,memes,0.09,427,0.09
pics,0.06,1095,0.06,AskWomen,0.09,1091,0.1
TwoXChromosomes,0.05,482,0.05,Accounting,0.09,111,0.09
fffffffuuuuuuuuuuuu,0.05,154,0.05,news,0.09,438,0.09
LadyBoners,0.05,153,0.05,comics,0.09,106,0.1
MakeupAddiction,0.05,475,0.05,hearthstone,0.09,126,0.1
funny,0.05,1190,0.06,Pets,0.09,187,0.09
nursing,0.05,112,0.05,AskMen,0.08,620,0.08
suggestmeabook,0.05,112,0.05,videos,0.08,767,0.08
dogpictures,0.05,142,0.05,WTF,0.08,592,0.08
Aquariums,0.05,110,0.05,Fitness,0.08,1916,0.08
AnimalCrossing,0.05,172,0.05,me_irl,0.08,245,0.08
curlyhair,0.04,200,0.04,InteriorDesign,0.08,107,0.08
food,0.04,372,0.04,yoga,0.08,106,0.09
knitting,0.04,149,0.05,reactiongifs,0.08,131,0.08
loseit,0.04,417,0.04,gifs,0.08,221,0.08
facepalm,0.04,141,0.04,apple,0.08,324,0.09
happy,0.04,106,0.04,Homebrewing,0.08,103,0.08
AskMen,0.04,148,0.04,television,0.07,206,0.07
Minecraft,0.04,109,0.05,funny,0.07,1446,0.07
Breadit,0.04,107,0.04,MakeupAddiction,0.07,245,0.07
CasualConversation,0.04,176,0.04,electronic_cigarette,0.07,104,0.08
BabyBumps,0.04,3515,0.04,GlobalOffensive,0.07,120,0.07
Baking,0.04,236,0.04,fantasyfootball,0.07,110,0.07
CrossStitch,0.04,101,0.04,todayilearned,0.07,702,0.08
succulents,0.04,132,0.04,pics,0.07,1346,0.07
xxfitness,0.04,166,0.04,WeAreTheMusicMakers,0.07,118,0.08
memes,0.04,135,0.04,movies,0.07,598,0.07
politics,0.04,197,0.04,NoStupidQuestions,0.07,765,0.07
rant,0.04,111,0.04,soccer,0.07,169,0.07
reddit.com,0.04,180,0.04,Aquariums,0.07,167,0.07
secretsanta,0.04,220,0.04,Christianity,0.07,184,0.07
WTF,0.04,470,0.04,nfl,0.07,181,0.07
Random_Acts_Of_Pizza,0.04,100,0.04,baseball,0.06,102,0.06
SkincareAddiction,0.04,362,0.04,The_Donald,0.06,158,0.06
beyondthebump,0.04,2503,0.04,wow,0.06,189,0.06
xxketo,0.04,108,0.04,DestinyTheGame,0.06,121,0.06
vegan,0.04,119,0.04,nyc,0.06,118,0.06
gardening,0.04,382,0.04,Wordpress,0.06,108,0.06
sewing,0.03,173,0.03,NoFap,0.06,223,0.06
woodworking,0.03,116,0.03,gardening,0.06,1558,0.06
wedding,0.03,170,0.03,malefashionadvice,0.06,373,0.06
videos,0.03,412,0.03,learnpython,0.06,133,0.06
whatsthisplant,0.03,232,0.03,askscience,0.06,823,0.06
worldnews,0.03,135,0.03,travel,0.06,445,0.06
unpopularopinion,0.03,183,0.03,Overwatch,0.06,206,0.06
todayilearned,0.03,397,0.03,seduction,0.06,138,0.06
redditgetsdrawn,0.03,231,0.03,food,0.06,814,0.06
gameofthrones,0.03,146,0.03,HomeImprovement,0.06,429,0.06
gaming,0.03,421,0.03,gainit,0.06,151,0.06
cringepics,0.03,148,0.03,hiphopheads,0.06,169,0.06
nostalgia,0.03,110,0.03,listentothis,0.06,229,0.06
me_irl,0.03,105,0.04,learnprogramming,0.06,251,0.06
mildlyinfuriating,0.03,243,0.03,writing,0.05,204,0.06
pokemongo,0.03,172,0.03,fffffffuuuuuuuuuuuu,0.05,167,0.06
JUSTNOMIL,0.03,397,0.03,ImGoingToHellForThis,0.05,104,0.05
NoStupidQuestions,0.03,318,0.03,gaming,0.05,1031,0.06
EarthPorn,0.03,105,0.03,DnD,0.05,157,0.05
Fitness,0.03,281,0.03,Sneakers,0.05,159,0.05
HelpMeFind,0.03,101,0.03,SkincareAddiction,0.05,411,0.05
Jokes,0.03,149,0.03,ThriftStoreHauls,0.05,116,0.05
Marriage,0.03,101,0.03,boardgames,0.05,108,0.05
HomeImprovement,0.03,305,0.03,australia,0.05,123,0.05
Music,0.03,298,0.03,running,0.05,765,0.05
AskWomen,0.03,180,0.03,space,0.05,145,0.06
AskDocs,0.03,392,0.03,PhotoshopRequest,0.05,133,0.05
Anxiety,0.03,227,0.03,bodybuilding,0.05,204,0.05
1200isplenty,0.03,112,0.03,chicago,0.05,105,0.05
Art,0.03,113,0.03,TwoXChromosomes,0.05,360,0.05
Cooking,0.03,289,0.03,bestof,0.05,160,0.05
Dogtraining,0.03,210,0.03,dogpictures,0.05,131,0.05
mildlyinteresting,0.03,550,0.03,Baking,0.05,833,0.05
offmychest,0.03,324,0.03,Android,0.04,344,0.04
news,0.03,264,0.03,keto,0.04,263,0.05
travel,0.03,202,0.03,DoesAnybodyElse,0.04,229,0.04
self,0.03,101,0.03,Entrepreneur,0.04,205,0.04
atheism,0.03,197,0.03,Games,0.04,176,0.04
dogs,0.03,388,0.03,CasualConversation,0.04,335,0.04
RealEstate,0.03,176,0.03,loseit,0.04,412,0.04
Showerthoughts,0.03,574,0.03,BabyBumps,0.04,134,0.04
tattoos,0.03,241,0.03,Fishing,0.04,122,0.04
sex,0.03,230,0.03,FoodPorn,0.04,327,0.04
piercing,0.03,113,0.03,dogs,0.04,393,0.04
ABraThatFits,0.02,205,0.02,Military,0.04,107,0.04
Assistance,0.02,172,0.02,Minecraft,0.04,338,0.04
Frugal,0.02,189,0.02,Fallout,0.04,109,0.04
CrappyDesign,0.02,160,0.02,circlejerk,0.04,170,0.04
Advice,0.02,293,0.02,explainlikeimfive,0.04,963,0.04
AmItheAsshole,0.02,286,0.02,LadyBoners,0.04,122,0.04
Android,0.02,102,0.02,Piracy,0.04,113,0.04
Dentistry,0.02,122,0.02,sex,0.04,431,0.04
DIY,0.02,263,0.02,skyrim,0.04,182,0.04
Hair,0.02,140,0.02,shittyaskscience,0.04,113,0.04
IAmA,0.02,145,0.02,Music,0.04,778,0.04
MechanicAdvice,0.02,110,0.02,google,0.04,126,0.04
LifeProTips,0.02,229,0.02,golf,0.04,107,0.04
techsupport,0.02,225,0.02,motorcycles,0.04,151,0.04
trashy,0.02,185,0.02,nottheonion,0.04,223,0.04
running,0.02,140,0.02,buildapc,0.04,652,0.04
relationships,0.02,466,0.02,aww,0.04,1389,0.04
gifs,0.02,123,0.02,recipes,0.04,172,0.04
harrypotter,0.02,166,0.02,secretsanta,0.04,186,0.04
JUSTNOFAMILY,0.02,118,0.02,RealEstate,0.04,200,0.04
Mommit,0.02,580,0.02,PoliticalDiscussion,0.04,128,0.04
FancyFollicles,0.02,177,0.02,beards,0.04,112,0.04
DoesAnybodyElse,0.02,114,0.02,Unexpected,0.04,137,0.04
femalefashionadvice,0.02,164,0.02,atheism,0.04,379,0.05
explainlikeimfive,0.02,504,0.02,StarWars,0.04,265,0.04
firstworldproblems,0.02,120,0.02,androidapps,0.04,127,0.04
depression,0.02,221,0.02,raisedbynarcissists,0.04,225,0.04
crafts,0.02,117,0.02,photoshopbattles,0.04,195,0.04
legaladvice,0.02,740,0.02,Showerthoughts,0.04,1134,0.04
books,0.02,179,0.02,tipofmypenis,0.04,110,0.04
StarWars,0.02,124,0.02,xxfitness,0.04,175,0.04
Parenting,0.02,975,0.02,vegan,0.04,208,0.04
OldSchoolCool,0.02,197,0.02,trees,0.04,536,0.04
PhotoshopRequest,0.02,125,0.02,webdev,0.04,148,0.04
Pets,0.02,192,0.02,weddingplanning,0.04,160,0.04
apple,0.02,103,0.02,ADHD,0.03,221,0.03
WritingPrompts,0.02,107,0.02,xboxone,0.03,179,0.03
buildapc,0.02,157,0.02,web_design,0.03,117,0.03
askscience,0.02,328,0.02,AskHistorians,0.03,338,0.03
antiMLM,0.02,264,0.02,AndroidQuestions,0.03,244,0.03
birthcontrol,0.02,154,0.02,AskNYC,0.03,106,0.03
breastfeeding,0.02,1424,0.02,pokemon,0.03,271,0.03
findareddit,0.02,121,0.02,pokemongo,0.03,254,0.03
clothdiaps,0.02,378,0.02,Watches,0.03,170,0.03
insanepeoplefacebook,0.02,175,0.02,UpliftingNews,0.03,101,0.03
tifu,0.02,172,0.02,bicycling,0.03,232,0.03
pregnant,0.02,1594,0.02,beer,0.03,139,0.03
shittyfoodporn,0.02,119,0.02,answers,0.03,154,0.04
tipofmytongue,0.02,380,0.02,applehelp,0.03,216,0.03
pokemon,0.02,129,0.02,books,0.03,448,0.03
personalfinance,0.02,683,0.02,bodyweightfitness,0.03,172,0.03
iphone,0.02,101,0.02,pcgaming,0.03,159,0.03
relationship_advice,0.02,342,0.02,pcmasterrace,0.03,382,0.04
movies,0.02,229,0.02,personalfinance,0.03,910,0.03
namenerds,0.02,712,0.02,photography,0.03,229,0.03
nottheonion,0.02,117,0.02,GradSchool,0.03,261,0.03
oddlysatisfying,0.02,138,0.02,GetMotivated,0.03,221,0.03
oldpeoplefacebook,0.02,139,0.02,techsupport,0.03,780,0.03
picrequests,0.02,105,0.02,Frugal,0.03,271,0.03
photoshopbattles,0.02,126,0.02,teenagers,0.03,286,0.03
AskHistorians,0.01,100,0.01,CrazyIdeas,0.03,128,0.03
jobs,0.01,187,0.01,hockey,0.03,103,0.03
progresspics,0.01,163,0.01,india,0.03,100,0.03
DunderMifflin,0.01,139,0.01,firstworldproblems,0.03,164,0.03
CircleofTrust,0.01,116,0.01,flowers,0.03,105,0.03
AskVet,0.01,196,0.01,gameofthrones,0.03,267,0.03
fitpregnancy,0.01,111,0.01,iphone,0.03,321,0.03
daddit,0.01,732,0.01,RocketLeague,0.03,111,0.03
babywearing,0.01,213,0.01,SandersForPresident,0.03,131,0.03
toddlers,0.01,193,0.01,Steam,0.03,183,0.03
whatisthisthing,0.01,313,0.01,WritingPrompts,0.03,220,0.03
predaddit,0.01,367,0.01,cats,0.03,736,0.03
sleeptrain,0.01,237,0.01,chemistry,0.03,103,0.03
whatsthisbug,0.01,255,0.01,cars,0.03,313,0.03
GestationalDiabetes,0,133,0,LosAngeles,0.03,111,0.03
NewParents,0,500,0,nostalgia,0.03,168,0.03
workingmoms,0,103,0,nutrition,0.03,218,0.03
,,,,Jokes,0.03,395,0.03
,,,,PersonalFinanceCanada,0.03,112,0.03
,,,,crafts,0.03,125,0.03
,,,,comicbooks,0.03,111,0.04
,,,,PS4,0.03,224,0.03
,,,,relationships,0.03,578,0.03
,,,,redditgetsdrawn,0.03,131,0.03
,,,,MechanicalKeyboards,0.03,119,0.03
,,,,self,0.03,193,0.03
,,,,somethingimade,0.03,113,0.03
,,,,dating_advice,0.03,299,0.03
,,,,EarthPorn,0.03,203,0.03
,,,,Cooking,0.03,1038,0.04
,,,,Drugs,0.03,214,0.03
,,,,DIY,0.03,446,0.03
,,,,woodworking,0.03,234,0.04
,,,,Anxiety,0.02,314,0.02
,,,,AnimalsBeingDerps,0.02,137,0.02
,,,,Coffee,0.02,211,0.02
,,,,tipofmytongue,0.02,650,0.02
,,,,whatsthisplant,0.02,468,0.02
,,,,Advice,0.02,612,0.02
,,,,AskCulinary,0.02,270,0.02
,,,,wholesomememes,0.02,126,0.02
,,,,whatcarshouldIbuy,0.02,154,0.02
,,,,AskDocs,0.02,619,0.02
,,,,Windows10,0.02,156,0.02
,,,,Art,0.02,319,0.02
,,,,NintendoSwitch,0.02,190,0.02
,,,,samsung,0.02,105,0.02
,,,,rickandmorty,0.02,119,0.02
,,,,SuicideWatch,0.02,158,0.02
,,,,antiMLM,0.02,153,0.02
,,,,anime,0.02,249,0.02
,,,,Tinder,0.02,278,0.02
,,,,philosophy,0.02,110,0.02
,,,,offmychest,0.02,469,0.02
,,,,christmas,0.02,104,0.02
,,,,birthcontrol,0.02,120,0.02
,,,,Teachers,0.02,112,0.02
,,,,Supplements,0.02,130,0.02
,,,,askwomenadvice,0.02,218,0.02
,,,,PewdiepieSubmissions,0.02,124,0.02
,,,,MechanicAdvice,0.02,239,0.02
,,,,MadeMeSmile,0.02,174,0.02
,,,,LifeProTips,0.02,543,0.02
,,,,confession,0.02,153,0.02
,,,,computers,0.02,137,0.02
,,,,facepalm,0.02,191,0.02
,,,,facebook,0.02,117,0.02
,,,,creepy,0.02,142,0.02
,,,,conspiracy,0.02,170,0.02
,,,,netflix,0.02,140,0.02
,,,,mildlyinteresting,0.02,841,0.02
,,,,cycling,0.02,123,0.02
,,,,curlyhair,0.02,151,0.02
,,,,crochet,0.02,119,0.02
,,,,cringepics,0.02,145,0.02
,,,,redditrequest,0.02,109,0.02
,,,,breakingbad,0.02,135,0.02
,,,,rant,0.02,205,0.03
,,,,rarepuppers,0.02,149,0.02
,,,,nursing,0.02,109,0.02
,,,,Guitar,0.02,190,0.02
,,,,depression,0.02,406,0.02
,,,,dating,0.02,167,0.02
,,,,dataisbeautiful,0.02,108,0.02
,,,,dankmemes,0.02,199,0.02
,,,,socialskills,0.02,153,0.02
,,,,excel,0.02,214,0.02
,,,,Meditation,0.02,125,0.02
,,,,sewing,0.02,161,0.02
,,,,shittyfoodporn,0.02,215,0.02
,,,,OkCupid,0.02,111,0.02
,,,,headphones,0.02,173,0.02
,,,,history,0.02,234,0.02
,,,,homeowners,0.02,104,0.02
,,,,hometheater,0.02,149,0.02
,,,,femalefashionadvice,0.02,159,0.02
,,,,ifyoulikeblank,0.02,126,0.02
,,,,spiders,0.02,121,0.02
,,,,findareddit,0.02,276,0.02
,,,,HomeworkHelp,0.02,134,0.02
,,,,IAmA,0.02,244,0.02
,,,,HomeNetworking,0.02,153,0.02
,,,,lego,0.02,100,0.02
,,,,thatHappened,0.02,115,0.02
,,,,harrypotter,0.02,170,0.02
,,,,math,0.02,157,0.02
,,,,guns,0.02,185,0.02
,,,,spotify,0.02,115,0.02
,,,,stopdrinking,0.02,109,0.02
,,,,tea,0.02,134,0.02
,,,,marvelstudios,0.02,113,0.02
,,,,malehairadvice,0.02,152,0.02
,,,,lifehacks,0.02,100,0.02
,,,,BuyItForLife,0.02,120,0.02
,,,,Cartalk,0.02,162,0.02
,,,,Dentistry,0.02,203,0.02
,,,,FortNiteBR,0.02,152,0.03
,,,,itookapicture,0.02,219,0.02
,,,,jobs,0.02,461,0.02
,,,,ipad,0.02,102,0.02
,,,,investing,0.02,188,0.02
,,,,interestingasfuck,0.02,192,0.02
,,,,witcher,0.02,127,0.02
,,,,AnimalCrossing,0.01,174,0.01
,,,,AskElectronics,0.01,113,0.01
,,,,AskEngineers,0.01,112,0.01
,,,,whatisthisthing,0.01,497,0.01
,,,,weed,0.01,107,0.01
,,,,whatsthisbird,0.01,103,0.01
,,,,whatsthisbug,0.01,384,0.01
,,,,mac,0.01,153,0.01
,,,,windows,0.01,120,0.01
,,,,insanepeoplefacebook,0.01,146,0.01
,,,,intermittentfasting,0.01,138,0.01
,,,,landscaping,0.01,134,0.01
,,,,languagelearning,0.01,116,0.01
,,,,legaladvice,0.01,750,0.01
,,,,lgbt,0.01,191,0.01
,,,,hiking,0.01,127,0.01
,,,,mentalhealth,0.01,190,0.01
,,,,mildlyinfuriating,0.01,413,0.01
,,,,happy,0.01,112,0.01
,,,,help,0.01,191,0.01
,,,,gamingsuggestions,0.01,113,0.01
,,,,findfashion,0.01,101,0.01
,,,,iamverysmart,0.01,127,0.01
,,,,askcarsales,0.01,107,0.01
,,,,changemyview,0.01,177,0.01
,,,,assholedesign,0.01,103,0.01
,,,,drawing,0.01,123,0.01
,,,,electricians,0.01,116,0.01
,,,,college,0.01,220,0.01
,,,,cringe,0.01,142,0.01
,,,,cscareerquestions,0.01,176,0.01
,,,,dadjokes,0.01,137,0.01
,,,,mycology,0.01,189,0.01
,,,,niceguys,0.01,124,0.01
,,,,oddlysatisfying,0.01,256,0.01
,,,,buildapcforme,0.01,116,0.01
,,,,camping,0.01,106,0.01
,,,,careerguidance,0.01,532,0.01
,,,,castiron,0.01,149,0.01
,,,,progresspics,0.01,116,0.01
,,,,playstation,0.01,100,0.01
,,,,Wellthatsucks,0.01,113,0.01
,,,,audiophile,0.01,113,0.01
,,,,booksuggestions,0.01,159,0.01
,,,,oldpeoplefacebook,0.01,102,0.01
,,,,picrequests,0.01,115,0.01
,,,,plants,0.01,164,0.01
,,,,StardewValley,0.01,126,0.01
,,,,ShittyLifeProTips,0.01,113,0.01
,,,,PoliticalHumor,0.01,171,0.01
,,,,Plumbing,0.01,170,0.01
,,,,Pizza,0.01,113,0.01
,,,,Twitch,0.01,123,0.01
,,,,TrueOffMyChest,0.01,158,0.01
,,,,TooAfraidToAsk,0.01,243,0.01
,,,,trashy,0.01,199,0.01
,,,,unpopularopinion,0.01,524,0.01
,,,,stocks,0.01,146,0.01
,,,,suggestmeabook,0.01,226,0.01
,,,,tax,0.01,140,0.01
,,,,tattoos,0.01,252,0.01
,,,,tifu,0.01,297,0.01
,,,,tipofmyjoystick,0.01,106,0.01
,,,,NatureIsFuckingLit,0.01,112,0.01
,,,,SuggestALaptop,0.01,236,0.01
,,,,relationship_advice,0.01,611,0.01
,,,,resumes,0.01,150,0.01
,,,,OutOfTheLoop,0.01,238,0.01
,,,,OldSchoolCool,0.01,253,0.01
,,,,Pareidolia,0.01,121,0.01
,,,,Parenting,0.01,193,0.01
,,,,Hair,0.01,174,0.01
,,,,MealPrepSunday,0.01,145,0.01
,,,,Monitors,0.01,115,0.01
,,,,NameThatSong,0.01,126,0.01
,,,,sleep,0.01,100,0.01
,,,,smallbusiness,0.01,115,0.01
,,,,softwaregore,0.01,100,0.01
,,,,solotravel,0.01,101,0.01
,,,,Insurance,0.01,113,0.01
,,,,HealthyFood,0.01,100,0.01
,,,,HelpMeFind,0.01,205,0.01
,,,,IndoorGarden,0.01,125,0.01
,,,,EatCheapAndHealthy,0.01,169,0.01
,,,,Instagram,0.01,134,0.01
,,,,GooglePixel,0.01,103,0.01
,,,,EngineeringStudents,0.01,101,0.01
,,,,3Dprinting,0.01,131,0.01
,,,,AMA,0.01,165,0.01
,,,,vegetarian,0.01,116,0.01
,,,,Bitcoin,0.01,160,0.01
,,,,Breadit,0.01,318,0.01
,,,,CircleofTrust,0.01,163,0.01
,,,,Conservative,0.01,106,0.01
,,,,translator,0.01,125,0.01
,,,,Dreams,0.01,152,0.01
,,,,CrappyDesign,0.01,260,0.01
,,,,Dogtraining,0.01,166,0.01
,,,,CryptoCurrency,0.01,188,0.01
,,,,DunderMifflin,0.01,173,0.01
,,,,Assistance,0.01,107,0.01
,,,,AskVet,0.01,192,0.01
,,,,AskUK,0.01,121,0.01
,,,,youtube,0.01,250,0.01
,,,,wallstreetbets,0.01,267,0.01
,,,,antiwork,0,173,0
,,,,plantclinic,0,219,0
,,,,careeradvice,0,167,0
,,,,AmItheAsshole,0,359,0
,,,,medical,0,164,0
,,,,houseplants,0,280,0
,,,,ask,0,116,0
,,,,apexlegends,0,123,0
,,,,HeadphoneAdvice,0,114,0
,,,,Sourdough,0,104,0
,,,,Coronavirus,0,111,0
,,,,CozyPlaces,0,110,0
,,,,GYM,0,187,0
,,,,vegetablegardening,0,110,0
