feature,ORIGINAL,COM-DOM_TEXT,COM-DOM,COM-VERY-HEAVY,COM-HEAVY,PRE10,COARSE_COM-DOM_TEXT,COARSE_COM-DOM,COARSE,COARSE_COM-HEAVY,COARSE_COM-VERY-HEAVY,ONLY_COM
sub_18pre,0.0507456529170043,-0.038029498161558,-0.0576456869942838,-0.0712739152197153,-0.0709434538175468,-0.0794164841691487,-0.0882596312911794,-0.1230109523432254,-0.1113390556186318,-0.1164810350363745,-0.1221517526975871,-0.256583451099758
sub_17pre,0.0549821544189502,-0.0429791040868548,-0.0576828407436716,-0.0625931795158924,-0.0610927982243805,-0.068021831825181,-0.0855080937862562,-0.1111918935309556,-0.1040309828214669,-0.1121330417956313,-0.1097051520693665,-0.2841040174627423
sub_16pre,0.0496458571224959,-0.0438917158186854,-0.0691953701091125,-0.0819273182091891,-0.0774259772905121,-0.0770617911320431,-0.0824080439383683,-0.121725581606683,-0.1223956841382659,-0.1247410429988063,-0.127683667159236,-0.3364206057473357
sub_15pre,0.0586477074111829,-0.0239597341253003,-0.0474474257275351,-0.0525254589302107,-0.0465319493191654,-0.0518531559428142,-0.08217831197006,-0.1120743384308826,-0.1064527411107375,-0.1128610759693253,-0.1101146467442163,-0.3654181301283123
sub_14pre,0.0623174492893331,-0.0181936345810604,-0.030563605756501,-0.0467168327209939,-0.054566734245844,-0.0566496503544233,-0.0682119601816393,-0.1113722490709773,-0.1054352296866594,-0.1118115034884329,-0.1129308937780775,-0.3539682129824537
sub_13pre,0.0508920501388693,-2.282154714748513e-05,-0.0211669849792831,-0.025822580597368,-0.0382603237927419,-0.0364802431152388,-0.0496596865929056,-0.08102790314711,-0.0795901456768191,-0.0872353639712232,-0.0848048692000172,-0.2587050584637769
sub_12pre,0.0624687707086777,-0.008629821265459,-0.0226602403551085,-0.0423835576666496,-0.0420077428696054,-0.0396275824883256,-0.0601442865936267,-0.0900424415584751,-0.0973777896341153,-0.103446502653051,-0.1001755220121109,-0.3348927413660399
sub_11pre,0.0617269233024329,0.0332879502865716,0.0104782497344084,0.0014769873295841,-0.0093774761585863,-0.0043891604605567,-0.0347788714588877,-0.0699896920424652,-0.0650989132435592,-0.0726092544760674,-0.077207422577603,-0.289391979699375
sub_10pre,0.0547453161966077,0.0747219814157527,0.0673464006604553,0.0584194984916821,0.0513024713052973,0.0470567495421003,-0.0162480505937732,-0.0379665503824349,-0.0245081567164033,-0.0283456360023698,-0.0289852158833642,-0.2220702995308084
sub_9pre,0.0921490509111792,0.1061090788696586,0.0980675881101658,0.0919946542885969,0.087491419463281,0.0838630988325978,0.0649366461810557,0.0550295295653607,0.0559301765304238,0.0558272454487024,0.0524948516779686,-0.2099022084005831
sub_8pre,0.0599018894010548,0.0597840238556657,0.0444484067833799,0.0440948101472129,0.0477617382259831,0.0430995010972609,0.0570862124834276,0.0488225281344845,0.0450246383386153,0.0465045057418333,0.04197323033021,-0.3344893216424012
sub_7pre,0.0316995890479145,0.0216157067243528,0.0195342899883356,0.0211890809337406,0.0187198225698941,0.0192628008488551,0.0115318244007911,-0.0078731850449347,0.0072914226031908,0.0068130845955346,0.0002844171937415,-0.4026183938495937
sub_6pre,0.0432061900409284,0.0355228721814562,0.0232994119504776,0.0261681832291767,0.0271535437988168,0.0244219746247511,0.01046477870795,-0.0110884246381019,-0.0023074899415622,-0.0001247291860303,-0.0035547818018661,-0.4072657382264426
sub_5pre,0.0482562794949119,0.0571090935787072,0.0477135320374584,0.0438781166714544,0.0415382720770998,0.0399582739231799,0.0183086808980945,-0.0174523460207792,-0.0108911323128981,-0.0134118927264039,-0.0119886882824149,-0.397013734599854
sub_4pre,0.0409258613931742,0.0458123513295644,0.0335900937849638,0.0359187173842805,0.030428957085373,0.029729163464853,0.005441498669906,-0.0209093507648499,-0.0137786950798953,-0.0164330846749715,-0.0159504683849577,-0.4422936989831909
sub_3pre,0.0538279126480903,0.0640768244754571,0.045945062915145,0.0461744260773593,0.0411646517447831,0.0416595933053509,0.0223810159339671,0.0015572551539815,0.0101281943735698,0.0090538090347763,0.0057823660368771,-0.4253841636899317
sub_2pre,0.0641166502137611,0.0723378792307172,0.0526113976492708,0.0530246931297428,0.0491039711393194,0.0445800611503694,0.0230998663139473,0.012343013673555,0.0080871872395057,0.0072829365748035,0.0087127155342741,-0.4367639616739151
sub_1pre,0.1014797687905186,0.1214993106007851,0.0979534840148015,0.0908196168316508,0.0825475828044646,0.0755763108847474,0.079722490102305,0.0579448870061623,0.0334336510435415,0.0366957185161789,0.0420816866174181,-0.3554738946817888
com_18pre,0.0414354092175445,-0.0529215955423462,-0.0532524621080959,-0.0524249545941691,-0.0422520015457971,-0.0434301593995081,-0.0690542399688418,-0.0722305590000395,-0.0654999826336743,-0.0736447577439556,-0.0737088844597916,-0.0662483550514629
com_17pre,0.039402263432646,-0.0620982651331724,-0.0609680360763864,-0.0518462952765628,-0.0399562043364511,-0.0405995342369583,-0.0703342422384029,-0.0685261466232931,-0.0584488916238739,-0.0658410907753866,-0.0660252862837424,-0.0712775670293572
com_16pre,0.0344262020806853,-0.0694120948050132,-0.0653130404148992,-0.0596331910312843,-0.0484010431828424,-0.0468327941813535,-0.077202458844854,-0.0854402965997864,-0.0651318205302827,-0.0709796468069459,-0.0806735166348163,-0.0748180233630346
com_15pre,0.024691785831536,-0.0258878172319695,-0.0229372088196358,-0.0199627429314355,-0.0142313351997015,-0.0121181943593346,-0.033658337459837,-0.036867167963904,-0.0291524321281365,-0.0313164455273367,-0.0347561321949371,-0.0304396832892367
com_14pre,0.0349183551214536,-0.0509372186460396,-0.0442557533638272,-0.041607167382809,-0.0327197716129386,-0.0276834174104754,-0.0694987492023335,-0.0680067001880614,-0.0524721250386454,-0.057236028764559,-0.0665207736564084,-0.0563305135851956
com_13pre,0.03483654305165,-0.0449976402567282,-0.0423585551394478,-0.0327159824045958,-0.0263134132292218,-0.0248891745708586,-0.0679861779403059,-0.0665532662322614,-0.0482035711210301,-0.051960860143637,-0.0625178201163073,-0.0488459963009877
com_12pre,0.0333766631457914,-0.0334774136106526,-0.0265207168784063,-0.0202434714518704,-0.0118062343518465,-0.0104049428253317,-0.0608440657946315,-0.0552370566922638,-0.0437914352847681,-0.0490765343652622,-0.052245259351568,-0.0386758918646502
com_11pre,0.0319796261112512,-0.0201182444736574,-0.0146466320850699,-0.0084127268394727,-0.0014191482999483,-0.0022325226370669,-0.0464396143266925,-0.0403203149659551,-0.0380995803627593,-0.0408939992810242,-0.0416615312641989,-0.0267922363171158
com_10pre,0.0317454444601155,0.015368521596475,0.0196427097085718,0.023785089025595,0.0284489448862348,0.0276952033299399,-0.0237057478091429,-0.017270791245766,-0.0087428901742052,-0.0088964538189512,-0.0120713821740746,0.0191205933164354
com_9pre,0.0439252628376977,0.0215454958508031,0.0278687977170505,0.0342690181986823,0.0404893674566461,0.0415893036566418,0.0221206104212151,0.0288432974058041,0.030038494352545,0.0306189340578681,0.0290415107608329,0.02637006808037
com_8pre,0.070444186690268,0.0316355740087263,0.037943976535673,0.0415783519771691,0.0543570074538897,0.0548425587223719,0.0578440506167988,0.0639379072344161,0.0714663715865964,0.0694945925151412,0.0654192956559757,0.0322093095607424
com_7pre,0.0733045906811448,0.0313646835589496,0.0387852606696999,0.0472815897293993,0.0581302571820138,0.0617514576152405,0.0486900059957353,0.0564674505553232,0.0719847475767137,0.0668186664125883,0.0608600614335119,0.0271250158731199
com_6pre,0.0783407130152215,0.0335977774641281,0.0370872963336248,0.0446450464316438,0.0565266553032761,0.0619171504406324,0.0389345096654136,0.037954604075898,0.0635168513874918,0.0591635751582926,0.0501450962311819,0.0271756425912258
com_5pre,0.0700253200978773,0.0259226406019497,0.0279250811323854,0.0369837887728454,0.0481944255684596,0.0514422679521245,0.0235444583931675,0.0091849649248506,0.0442046953817152,0.0374787173276567,0.0219536166098454,0.022002604436189
com_4pre,0.071058184760863,0.0219197058516516,0.0238898967129557,0.0332344935551226,0.0435869598000226,0.0513872875140595,0.0228277574193063,0.0174022219854592,0.051273902206252,0.0445173007871608,0.0305166380359256,0.0175315975289831
com_3pre,0.0829119206136091,0.0287046333566792,0.0302079191800297,0.0367792323061687,0.0506352905370316,0.0603640843114435,0.0332793043081751,0.0275892610566,0.0647418964051197,0.0576332118022296,0.0425413442796483,0.0233255980794975
com_2pre,0.0981017399077159,0.0405958660584054,0.0359781941565474,0.0457587963898868,0.0577568139991286,0.0675089639106486,0.0356036496578411,0.0318446781571266,0.0715048826160241,0.0600838407787619,0.0450246332006419,0.0279980175334273
com_1pre,0.1135830613454878,0.0545081236712975,0.0514628405983569,0.0597426343129401,0.0743919785307797,0.0804301240490013,0.0409031938231856,0.0325096740011374,0.0671659282806772,0.0599603131905099,0.0467454283515944,0.0412545897255483
sub_des_18pre,0.01050194974994,-0.2755914877927817,-0.3501214537600983,-0.3467337280343111,-0.3614703349414851,-0.3694314903970848,-0.4966405914003909,-0.6014907026135022,-0.6245272375488545,-0.6360455050165308,-0.6329965518633223,-0.8408335251403619
sub_des_17pre,0.0083325862010409,-0.311453555336688,-0.400519643396704,-0.3553385093288372,-0.355708846493328,-0.3721888503131647,-0.6064271068535394,-0.6717916163861499,-0.7393781489057046,-0.7380819688299872,-0.7016037581276522,-1.0112056276418866
sub_des_16pre,0.0091571789121769,-0.3016262604949712,-0.3363861641207858,-0.3849752767160105,-0.4139418630708559,-0.4408527562005187,-0.5711089541961786,-0.7260334708940295,-0.7596720873061079,-0.763035948947316,-0.767707979004549,-1.0057946307211496
sub_des_15pre,0.0067051632116927,-0.3367907693187413,-0.3862174009935054,-0.391389955471097,-0.399627727416891,-0.4574837071292118,-0.678370940931549,-0.8053858897701869,-0.8220530097535376,-0.846000021223869,-0.8417853472050907,-1.0546263851533966
sub_des_14pre,0.0107284835437629,-0.2909312302161605,-0.3093905327841056,-0.3166480363578275,-0.3456780506527156,-0.3928518238819087,-0.545417170746891,-0.6817320204794087,-0.704608933918315,-0.701295725765094,-0.7087110011556361,-0.8918840804837067
sub_des_13pre,0.0065312659004468,-0.2676186202708089,-0.3216648455970064,-0.3115413834513138,-0.3458305294286596,-0.3851814064788518,-0.58716080445017,-0.7194189389342185,-0.7465236924210729,-0.7546877747966314,-0.7576268444518325,-0.9992836827683652
sub_des_12pre,0.0101018446510401,-0.351233367866935,-0.4081145239020227,-0.4228787583920044,-0.4208583894617964,-0.435933449941041,-0.5444117201937493,-0.659106510231713,-0.6813305684640013,-0.6586402712478188,-0.6657892690008627,-0.9595198288541844
sub_des_11pre,0.006642249005966,-0.2002163628941179,-0.2125519681909119,-0.2153986463363259,-0.2362742860693619,-0.2471865522934489,-0.5339103010509811,-0.5957464763208075,-0.6450888975079834,-0.6436655584352764,-0.6503078074412425,-0.846570450688952
sub_des_10pre,0.0055608963986009,-0.0034346713050182,-0.0032711155285887,0.0001635557764294,0.0001635557764294,0.0003271115528588,-0.4398014828187612,-0.4924664428290405,-0.4942655563697643,-0.484452209783998,-0.5017891220855186,-0.6622373387627981
sub_des_9pre,0.0741729602705111,0.0495580398267574,0.040171550164206,0.027109232382054,0.0166068663260524,0.0119464413887017,-0.013915635024202,-0.0151627909933522,-0.0290784260175543,-0.0222518880811533,-0.0195606567793029,-0.3335814018537502
sub_des_8pre,0.1192314202232921,0.084359434953684,0.0692677774630554,0.0659344259299311,0.0617585789543688,0.0564838248799743,0.1279860467773218,0.1215024948942119,0.1203303273221243,0.1205867389785184,0.1205867389785184,-0.2373273031111243
sub_des_7pre,0.087715829012665,0.0347448079164191,0.0226520813898419,0.0258930714963885,0.02303542430567,0.0234536165774825,0.0546089408275113,0.0462799447472463,0.0456178069835432,0.0478133164105587,0.0445723263040121,-0.329884003748068
sub_des_6pre,0.0823712447390753,0.0316249712340979,0.0124039056470226,0.015829112836415,0.0202519531877661,0.016660473804714,0.0271356220052828,0.0151972785005076,0.01117349141394,0.0141663908998167,0.0113065091688678,-0.4097944484939947
sub_des_5pre,0.097538192326395,0.0578565053861535,0.0408327587751492,0.0441951001876429,0.0416506256052152,0.0360164318869825,0.0294129145183011,-0.0084512905773491,-0.0147216029411887,-0.0184777320866772,-0.0122680024509906,-0.4019966926594994
sub_des_4pre,0.0718294742166961,0.0351668189407181,0.0207657279483139,0.0250772562087689,0.0220269232898075,0.018184677016885,-0.0004106217390909,-0.0265730925440288,-0.0266024226682496,-0.0253705574509768,-0.0233467788797428,-0.4524171661055686
sub_des_3pre,0.095083911067708,0.047472225472936,0.0296213298779425,0.0352555188001123,0.0345861102153001,0.0327731286314335,0.0258837986127407,0.0090649079193327,0.0145596367196666,0.0145038526709323,0.0116867582098473,-0.4180735532396231
sub_des_2pre,0.1123557130551467,0.0711922074201445,0.0451186282694546,0.0507364139222119,0.0507364139222119,0.0451186282694546,0.0339082488278537,0.0225467182027704,0.0148631997090889,0.0154929963069316,0.0206069446814147,-0.4101235445151993
sub_des_1pre,0.105453486302381,0.0733078138979377,0.0537067941391308,0.0561373205892229,0.053687193119372,0.0524915309140847,0.0418285761652938,0.0261673613780071,0.0166020637357093,0.0186993728499017,0.0203066564701238,-0.3432726590359851
com_des_18pre,0.0122520220210626,-0.1993771728284236,-0.2294528377443805,-0.2199265672287579,-0.2223104448165665,-0.2137728367113916,-0.3665073193721499,-0.4071348765566239,-0.3874447868681741,-0.3929979280707824,-0.3966199436305535,-0.2563869585523727
com_des_17pre,0.0118444880139503,-0.2051795709447496,-0.2235806770541289,-0.2023610766725587,-0.201160449203136,-0.1968858748084537,-0.3495188350169794,-0.4010010596987505,-0.3550110670579557,-0.3614995644458997,-0.3776952626504529,-0.2360637967007508
com_des_16pre,0.0108254335339595,-0.2527234843633688,-0.2567220679209575,-0.2556817860197961,-0.2580007477578015,-0.2505237215932048,-0.43142440969723,-0.6025291098986534,-0.4667398129876949,-0.476579145969512,-0.5883444327255271,-0.271437722314468
com_des_15pre,0.0136841978705522,-0.2631674966936914,-0.2692043291135921,-0.2546775344918523,-0.2582399055664934,-0.2678711064060169,-0.4819866732426001,-0.6499194054887772,-0.5168957766177502,-0.5422590054066615,-0.6368858202995218,-0.2661112524320175
com_des_14pre,0.012981560509844,-0.2479849532816299,-0.248507026867486,-0.240153849493789,-0.2462681343742955,-0.2441597602775691,-0.4336825118199711,-0.5386494222069931,-0.4862111464584119,-0.5065017371702408,-0.5442717531315968,-0.2468002478368027
com_des_13pre,0.0107471551888755,-0.2586308889040373,-0.2506903792616989,-0.2345396822910559,-0.23827521764481,-0.2446076492337944,-0.4801061855193969,-0.5305059486077484,-0.5133164931430133,-0.5241335647689912,-0.547475666698733,-0.2423403590591896
com_des_12pre,0.0102659209404441,-0.1936975092200205,-0.1944032324744049,-0.1876753374492742,-0.182547081800748,-0.1811262256485876,-0.4307828841195901,-0.473088640809083,-0.447005109327038,-0.4535730404145082,-0.463180286317527,-0.1890303260976922
com_des_11pre,0.0063230662114597,-0.1408354396320396,-0.140854746704441,-0.1340103895381434,-0.1306316518678977,-0.1334987521195062,-0.3953219609549424,-0.4103718238918366,-0.4260781272903785,-0.4318509419383983,-0.4232689482559743,-0.14661790781626
com_des_10pre,0.0063365012102311,-0.0039095400095176,-0.0038993853601422,-0.0040415504513974,-0.0062654186646035,-0.0080424823052933,-0.3007096319528442,-0.3089044339987681,-0.3338239435659271,-0.3313462091183367,-0.3160634618084043,-0.0015028881075548
com_des_9pre,0.0436115801200147,0.0077616163179361,0.0036246582946785,0.0088853705612711,0.0112981370249021,0.0053653756520013,-0.05768054255863,-0.0527503462459594,-0.0633323653706971,-0.0618505521772799,-0.055592783449689,0.0041149236263295
com_des_8pre,0.0988893103170476,0.0393327973634397,0.0332085733582426,0.0428069481590259,0.0534673560797289,0.0555262976471203,0.0913598962640323,0.0923167279899977,0.0917030531919309,0.0918358073319208,0.0904431412595733,0.0292109203879789
com_des_7pre,0.0847914711333342,0.0127808365247984,0.0092422304015288,0.0170309688255425,0.0263340784722029,0.0348419529793328,0.0525616182654257,0.0525749356002982,0.074474341559952,0.0698246892130322,0.0598081509124868,0.0086943171953451
com_des_6pre,0.0910803887834299,0.0195565851592653,0.0139029307414154,0.0225276135851745,0.0350884257372286,0.0437082750206419,0.0426593924255947,0.0323510193947017,0.0658250359764201,0.0611316488806102,0.0467308614235733,0.011271862726497
com_des_5pre,0.0933068441352361,0.0142056731148534,0.0098329034982076,0.0191612566560331,0.0330139110508832,0.040397330883407,0.0143771869269305,-0.0052752986083525,0.0426769659196553,0.0313087640259612,0.0132964833925805,0.0057415497479796
com_des_4pre,0.0880642168404656,0.0091034090619591,0.0053045544610064,0.012211702644358,0.0238405041171529,0.033739058049028,0.0094433065788864,-0.0010027745748263,0.0410307056859174,0.0347772065735798,0.0166303703644135,0.0001291918163887
com_des_3pre,0.1201291403568079,0.0268973159588499,0.0224340439540107,0.0262580452289901,0.0422412663635068,0.0546692705071897,0.0361129846849874,0.0249301055765086,0.0678426062063682,0.0574399279659229,0.042142469977983,0.0163362729239619
com_des_2pre,0.1380171503856774,0.0424268859814481,0.0347470742522989,0.0423033571822455,0.0529307763221548,0.0650747085927004,0.0374870481495056,0.0241879901927996,0.0708332532534005,0.0561175565143497,0.0413887184136815,0.0253365451981514
com_des_1pre,0.1543475627936855,0.0573926685118401,0.0544148172918151,0.0584673989636999,0.0761534749284194,0.0844488357721982,0.0365614591885332,0.024954828615677,0.065472624958018,0.0550942577587158,0.0388988260561173,0.0499795490837671
com_median_body_chars,0.4896017890643249,0.112493656508438,0.4732595120133129,0.4750189963437068,0.4820223538869982,0.4862209398388875,0.0844383311544516,0.4802254202806882,0.484854208798485,0.4815497510409867,0.4705474645832793,0.5049889592381719
sub_median_title_chars,-0.068795251804277,-0.0535554860808166,-0.0778423117658644,-0.0854802816437805,-0.0920284042904294,-0.0967694408797666,-0.0319103242119164,-0.0803479397544528,-0.0892558719430254,-0.087214565232907,-0.0872749189662851,-0.0701024680828152
sub_median_selftext_chars,0.2890831247681564,0.1035070752434758,0.2960474408958116,0.2825619626483383,0.2887163244713849,0.2907421741804206,0.0908497292062678,0.2920019266361536,0.2985915964282865,0.2913750648854497,0.286026645125249,0.2879261900340424
account_age_days,0.0182399378386229,0.0107778661513629,0.0297809388349885,0.0181352301648004,0.0116601431228271,0.0127925143539188,0.0277457967972685,0.0355926199774648,0.0168542689800717,0.0176635631976848,0.0242862753234659,0.0089837100020869
sub_n_subreddits_pre,0.0515565333523282,0.0573850517959483,0.0557411925415868,0.0472186600966439,0.0393728231117489,0.038555681424144,0.0076575113615798,0.0045134310401308,0.0075106812145881,0.0024801527002699,0.0023843939087536,-0.0809864019449773
com_n_subreddits_pre,0.0066914985834878,0.0268963217561491,-0.0041835102525615,0.0083173331754101,0.0167804701544042,0.0254309528028084,0.027033980095846,0.0011590995111749,0.0195906551955525,0.0178092422433812,0.0111462527834993,-0.0526482058361205
n_subreddits_all_pre,0.0029344626759894,0.0265161330048685,-0.0053669673053123,0.0065389995063389,0.0136413074872703,0.0217037098273023,0.0243656809922441,-0.0026093850838625,0.0151169047927095,0.0130795925302862,0.0067525308658732,-0.0722580559558754
