spec,mean_abs_std_diff,n_over_target,max_abs_std_diff,worst_column,n_eval_missing,unique_controls,controls_at_cap,median_distance
ORIGINAL,0.06208426333027149,10,0.4896017890643249,com_median_body_chars,0,22490,440,0.5089766756245703
COM-DOM_TEXT,0.08535280125077718,20,0.351233367866935,sub_des_12pre,0,20980,856,0.37706746216280235
COM-DOM,0.09515722777514862,18,0.4732595120133129,com_median_body_chars,0,22196,590,0.30798117991466345
COM-VERY-HEAVY,0.09600675191424103,18,0.4750189963437068,com_median_body_chars,0,22128,585,0.36531550837902155
COM-HEAVY,0.09940782555650388,18,0.4820223538869982,com_median_body_chars,0,22338,516,0.38063565044663084
PRE10,0.10322616958680098,18,0.4862209398388875,com_median_body_chars,0,22606,468,0.3842469868840023
COARSE_COM-DOM_TEXT,0.14434766837571686,19,0.678370940931549,sub_des_15pre,0,22060,542,0.29637835298594467
COARSE_COM-DOM,0.17317246834784192,26,0.8053858897701869,sub_des_15pre,0,23682,234,0.21024882495460975
COARSE,0.1760383581936481,26,0.8220530097535376,sub_des_15pre,0,23823,169,0.26863955911178183
COARSE_COM-HEAVY,0.1768606043228537,27,0.846000021223869,sub_des_15pre,0,23750,194,0.2719679732671065
COARSE_COM-VERY-HEAVY,0.17770538573746367,27,0.8417853472050907,sub_des_15pre,0,23746,209,0.2578847217694024
ONLY_COM,0.27194592179050747,46,1.0546263851533966,sub_des_15pre,0,21981,725,0.21411911682930848
