subreddit,unique_authors
funny,71305
AskReddit,49393
pics,39942
AdviceAnimals,37913
aww,29911
gaming,26565
videos,21958
WTF,18759
trees,17818
Music,17443
leagueoflegends,15325
technology,11426
todayilearned,10928
worldnews,10900
atheism,9176
politics,8096
buildapc,7588
movies,7079
circlejerk,6707
secretsanta,6324
business,6027
Minecraft,5638
askscience,5549
fffffffuuuuuuuuuuuu,5433
news,5100
Dota2Trade,4855
offbeat,4689
mildlyinteresting,4626
techsupport,4384
tipofmytongue,4111
cats,3979
IAmA,3790
bestof,3704
science,3613
pokemon,3377
ImGoingToHellForThis,3295
gifs,3248
malefashionadvice,3239
fantasyfootball,3175
Android,3087
nfl,3085
SteamGameSwap,2984
Health,2966
tf2trade,2831
cringe,2815
listentothis,2734
starcraft,2713
DotA2,2637
sex,2635
reactiongifs,2602
