column,observed_types_in_sample,pct_null
archived,bool (5000),0.0
author,str (5000),0.0
author_flair_background_color,"NoneType (4594), str (406)",91.77
author_flair_css_class,NoneType (5000),100.0
author_flair_richtext,list (4594),0.0
author_flair_text,NoneType (5000),100.0
author_flair_text_color,"NoneType (4594), str (406)",91.77
author_flair_type,str (4594),0.0
brand_safe,bool (5000),0.0
can_gild,bool (5000),0.0
contest_mode,bool (5000),0.0
created_utc,int (5000),0.0
distinguished,NoneType (5000),100.0
domain,str (5000),0.0
edited,bool (5000),0.0
gilded,int (5000),0.0
hidden,bool (5000),0.0
hide_score,bool (5000),0.0
id,str (5000),0.0
is_crosspostable,bool (5000),0.0
is_reddit_media_domain,bool (5000),0.0
is_self,bool (5000),0.0
is_video,bool (5000),0.0
link_flair_css_class,NoneType (5000),100.0
link_flair_richtext,list (5000),0.0
link_flair_text,NoneType (5000),100.0
link_flair_text_color,str (5000),0.0
link_flair_type,str (5000),0.0
locked,bool (5000),0.0
media,NoneType (5000),100.0
media_embed,dict (5000),0.0
no_follow,bool (5000),0.0
num_comments,int (5000),0.0
num_crossposts,int (5000),0.0
over_18,bool (5000),0.0
parent_whitelist_status,str (5000),0.0
permalink,str (5000),0.0
post_hint,str (8),0.0
preview,dict (8),0.0
retrieved_on,int (5000),0.0
rte_mode,str (5000),0.0
score,int (5000),0.0
secure_media,NoneType (5000),100.0
secure_media_embed,dict (5000),0.0
selftext,str (5000),0.0
send_replies,bool (5000),0.0
spoiler,bool (5000),0.0
stickied,bool (5000),0.0
subreddit,str (5000),0.0
subreddit_id,str (5000),0.0
subreddit_name_prefixed,str (5000),0.0
subreddit_type,str (5000),0.0
suggested_sort,NoneType (5000),100.0
thumbnail,str (5000),0.0
thumbnail_height,"NoneType (4992), int (8)",99.85
thumbnail_width,"NoneType (4992), int (8)",99.85
title,str (5000),0.0
url,str (5000),0.0
whitelist_status,str (5000),0.0
