created_utc,author_flair_css_class,selftext,downs,retrieved_on,subreddit_id,url,banned_by,title,subreddit,link_flair_text,distinguished,author_flair_text,link_flair_css_class,score,gilded,selftext_html,domain,author,user_reports,mod_reports,num_comments,permalink,secure_media_embed,report_reasons,ups,media,stickied,over_18,media_embed,is_self,edited,id,thumbnail,secure_media
1354406399,,"My question is: am I being hypocritical? I like to believe I am giving out of humanistic impulse and I've rationalized doing more of that during this time of year as somehow balancing out the examples of seasonal charity and good deeds by theists. But I have a nagging feeling this is thin cover and really, I am experiencing latent theist guilt. What say you reddit, am I overthinking this?",0,1413328169,t5_2qh2p,http://www.reddit.com/r/atheism/comments/144k3t/as_someone_raised_catholic_and_now_humanist/,,"As someone raised Catholic and now Humanist (agnostic), I find myself giving more this time of year",atheism,,,,,1,0,"&lt;!-- SC_OFF --&gt;&lt;div class=""md""&gt;&lt;p&gt;My question is: am I being hypocritical? I like to believe I am giving out of humanistic impulse and I&amp;#39;ve rationalized doing more of that during this time of year as somehow balancing out the examples of seasonal charity and good deeds by theists. But I have a nagging feeling this is thin cover and really, I am experiencing latent theist guilt. What say you reddit, am I overthinking this?&lt;/p&gt;
&lt;/div&gt;&lt;!-- SC_ON --&gt;",self.atheism,[deleted],[],[],0,/r/atheism/comments/144k3t/as_someone_raised_catholic_and_now_humanist/,{},,1,,False,False,{},True,False,144k3t,default,
1354406398,,,0,1413328169,t5_2smlq,http://www.reddit.com/r/homeland/comments/144k3s/questions_about_two_hats_s2e9_major_spoilers/,,"Questions about ""Two Hats"" (S2E9) [Major Spoilers]",homeland,,,,,1,0,"&lt;!-- SC_OFF --&gt;&lt;div class=""md""&gt;&lt;p&gt;[removed]&lt;/p&gt;
&lt;/div&gt;&lt;!-- SC_ON --&gt;",self.homeland,redkulat,[],[],0,/r/homeland/comments/144k3s/questions_about_two_hats_s2e9_major_spoilers/,{},,1,,False,False,{},True,False,144k3s,default,
1354406398,,I am a poor freshman at WVU and I am trying to get home for Christmas. My parents can't afford to fly me home for break cause I live in Alaska and the amount is really high. I was wondering if anyone would b willing to help me with some miles so that I may b home for Christmas. I would greatly appricate it an would find a way to pay you back. Please an thank you all very much. (I have already posted to r/loans and r/assistance). Tickets are very expensive if willing to help Please PM me and I will find all prices and times thank you again,0,1413328169,t5_2qso6,http://www.reddit.com/r/Loans/comments/144k3r/req_help_going_home/,,[REQ] help going home ,Loans,,,,,0,0,"&lt;!-- SC_OFF --&gt;&lt;div class=""md""&gt;&lt;p&gt;I am a poor freshman at WVU and I am trying to get home for Christmas. My parents can&amp;#39;t afford to fly me home for break cause I live in Alaska and the amount is really high. I was wondering if anyone would b willing to help me with some miles so that I may b home for Christmas. I would greatly appricate it an would find a way to pay you back. Please an thank you all very much. (I have already posted to r/loans and r/assistance). Tickets are very expensive if willing to help Please PM me and I will find all prices and times thank you again&lt;/p&gt;
&lt;/div&gt;&lt;!-- SC_ON --&gt;",self.Loans,WVU2014,[],[],4,/r/Loans/comments/144k3r/req_help_going_home/,{},,0,,False,False,{},True,False,144k3r,self,
1354406398,,,0,1413328169,t5_2qh16,http://www.youtube.com/watch?v=2s7v0F_oaZQ,,windows employees going wild with a mac,technology,,,,,1,0,,youtube.com,tyrone665,[],[],0,/r/technology/comments/144k3q/windows_employees_going_wild_with_a_mac/,{},,1,"{'type': 'youtube.com', 'oembed': {'html': '&lt;iframe width=""600"" height=""338"" src=""http://www.youtube.com/embed/2s7v0F_oaZQ?fs=1&amp;feature=oembed"" frameborder=""0"" allowfullscreen&gt;&lt;/iframe&gt;', 'description': 'yepp they really dont like it, so they trow it down the stairs and get som crazy freak outs er fra radioresepsjonen', 'thumbnail_height': 360, 'type': 'video', 'provider_url': 'http://www.youtube.com/', 'height': 338, 'provider_name': 'YouTube', 'url': 'http://www.youtube.com/watch?v=2s7v0F_oaZQ', 'thumbnail_url': 'http://i3.ytimg.com/vi/2s7v0F_oaZQ/hqdefault.jpg', 'title': 'meanwhile at\ufeff microsoft... destroying a macbook pro', 'author_url': 'http://www.youtube.com/user/wi161', 'thumbnail_width': 480, 'author_name': 'wi161', 'version': '1.0', 'width': 600}}",False,False,"{'width': 600, 'scrolling': False, 'height': 338, 'content': '&lt;iframe width=""600"" height=""338"" src=""http://www.youtube.com/embed/2s7v0F_oaZQ?fs=1&amp;feature=oembed"" frameborder=""0"" allowfullscreen&gt;&lt;/iframe&gt;'}",False,False,144k3q,default,
1354406398,,"In the past week nearly one out of five posts there involve their bizarre obsession with Jewishness:

1. [R/conspiracy has figured it out, Assad didn't shut down Syria's internet, it was a NATO/**Israeli** plot (like everything else in the world)](http://www.reddit.com/r/conspiratard/comments/1440cg/rconspiracy_has_figured_it_out_assad_didnt_shut/)

1. [Alex Jones isn't **anti-semitic** enough for the **anti-semitic** conspiratards](http://www.reddit.com/r/conspiratard/comments/143usm/alex_jones_isnt_antisemitic_enough_for_the/)

1. [Alex Jones Admits His Wife is a Polish **Jew** - [1:56]](http://www.reddit.com/r/conspiratard/comments/143mbe/alex_jones_admits_his_wife_is_a_polish_jew/)

1. [Alex Jones' wife called a **Jew** and insulted live on his show - [0:40]](http://www.reddit.com/r/conspiratard/comments/142rs0/alex_jones_wife_called_a_jew_and_insulted_live_on/)

1. [Not to alarm you guys, but the **Jewish** lizard Illuminati conspiracy has infiltrated baseball](http://www.reddit.com/r/conspiratard/comments/1416po/not_to_alarm_you_guys_but_the_jewish_lizard/)

1. [Americans being billed for ""Project 911"" - $100 Million Underground Bunker Complex outside of **Tel Aviv** ... complete with ""Certified **Kosher** Animal Skin Door Signs inscribed according to **Jewish** Laws"".](http://www.reddit.com/r/conspiratard/comments/140vpq/americans_being_billed_for_project_911_100/)

1. [Never mind 9/11, now it's **the Holocaust** that was an inside job](http://www.reddit.com/r/conspiratard/comments/1404aw/never_mind_911_now_its_the_holocaust_that_was_an/)

1. [I would like to make a suggestion. - In honor of the coming apocalypse, and to breath some life into our ridicule of the supernatural. For the week leading up to December 21st **we stop all the JOO related posts** and libertard bullshit and focus in on apocalyptic predictions, aliens, and other hilarious ""spiritual"" conspirtards.](http://www.reddit.com/r/conspiratard/comments/13zq2c/i_would_like_to_make_a_suggestion/)

1. [Anger as Hungary far-right leader demands lists of **Jews**](http://www.reddit.com/r/conspiratard/comments/13y9bh/anger_as_hungary_farright_leader_demands_lists_of/)

1. [I bet you'll never guess what tttt0tttt blames for the problems in the black community...](http://www.reddit.com/r/conspiratard/comments/13y38j/i_bet_youll_never_guess_what_tttt0tttt_blames_for/)

1. [Never heard this form of conspiracy theory before: someone is controlling the **joos**... it's other **joos!**](http://www.reddit.com/r/conspiratard/comments/13y0n2/never_heard_this_form_of_conspiracy_theory_before/)

1. [""**Zionist ... Jewish Supremacy** ... KKK"" in r/ireland thread on speech by Irish Minister for Justice/Equality Alan Shatter](http://www.reddit.com/r/conspiratard/comments/13xvxk/zionist_jewish_supremacy_kkk_in_rireland_thread/)

1. [/r/conspiracy Actually deleted something **Anti-Semitic**](http://www.reddit.com/r/conspiratard/comments/13u3ym/rconspiracy_actually_deleted_something_antisemitic/)

1. [r/conspiratard's favorite **anti-Semite**, tttt0tttt, left this gem over at the sub I mod.](http://www.reddit.com/r/conspiratard/comments/13tjxs/rconspiratards_favorite_antisemite_tttt0tttt_left/)

1. [Guys, put down your **gefilte cakes**. Serious conspiracy business here. Is Frankie (a well known gaming YouTuber) a Day Z hacker?](http://www.reddit.com/r/conspiratard/comments/13sjta/guys_put_down_your_gefilte_cakes_serious/)

1. [The message here seems to be that **anti-Semitism** isn't **anti-Semitic** if **anti-Semites** don't see the **Semites** as **Semitic**.](http://www.reddit.com/r/conspiratard/comments/13s3u6/the_message_here_seems_to_be_that_antisemitism/)

1. [**Neo Nazi** goes on r/conspiracy to expose a user for using an alt account, inadvertently exposes himself for using alt accounts to upvote his own posts](http://www.reddit.com/r/conspiratard/comments/13r7e3/neo_nazi_goes_on_rconspiracy_to_expose_a_user_for/)

1. [Why does it have to be such that any opposition to **Israel** is immediately lumped in with that thereof the conspiratards'?](http://www.reddit.com/r/conspiratard/comments/13qml0/why_does_it_have_to_be_such_that_any_opposition/)

1. [""Well then, in this case, the truth and **Holocaust** denial seem to be one in the same.""](http://www.reddit.com/r/conspiratard/comments/13qkmh/well_then_in_this_case_the_truth_and_holocaust/)

1. [If I was a **Joo** I would totally have a good job writing for the NYTimes.](http://www.reddit.com/r/conspiratard/comments/13qj75/if_i_was_a_joo_i_would_totally_have_a_good_job/)

1. [WAKE UP SHEEPLE! Alex Jones' Wife is a **JEW!!**](http://www.reddit.com/r/conspiratard/comments/13qchd/wake_up_sheeple_alex_jones_wife_is_a_jew/)

1. [**The Nazi's** did nothing wrong! But they should have!](http://www.reddit.com/r/conspiratard/comments/13pydn/the_nazis_did_nothing_wrong_but_they_should_have/)

1. [**Blood libel** makes a comeback.](http://www.reddit.com/r/conspiratard/comments/13ps0f/blood_libel_makes_a_comeback/)

____

Past collection posts (both heavily downvoted by the obsessed like this one will also no doubt be, presumably out of shame and anger):

- http://www.reddit.com/r/NolibsWatch/comments/11zxgq/bigoted_hategroup_rconspiratard_is_looking_more/

- http://www.reddit.com/r/NolibsWatch/comments/10k2bw/nolibs_crew_subreddit_rconspiratard_is_pretty/
",0,1413328169,t5_2syhd,http://www.reddit.com/r/NolibsWatch/comments/144k3p/a_third_collection_of_recent_posts_relating_to/,,"A third collection of recent posts relating to the pathological obsession with ""j00z"" from the Nolibs Crew's ableist hate-group r/Conspiratard. ",NolibsWatch,,,crackduck,,0,0,"&lt;!-- SC_OFF --&gt;&lt;div class=""md""&gt;&lt;p&gt;In the past week nearly one out of five posts there involve their bizarre obsession with Jewishness:&lt;/p&gt;

&lt;ol&gt;
&lt;li&gt;&lt;p&gt;&lt;a href=""http://www.reddit.com/r/conspiratard/comments/1440cg/rconspiracy_has_figured_it_out_assad_didnt_shut/""&gt;R/conspiracy has figured it out, Assad didn&amp;#39;t shut down Syria&amp;#39;s internet, it was a NATO/&lt;strong&gt;Israeli&lt;/strong&gt; plot (like everything else in the world)&lt;/a&gt;&lt;/p&gt;&lt;/li&gt;
&lt;li&gt;&lt;p&gt;&lt;a href=""http://www.reddit.com/r/conspiratard/comments/143usm/alex_jones_isnt_antisemitic_enough_for_the/""&gt;Alex Jones isn&amp;#39;t &lt;strong&gt;anti-semitic&lt;/strong&gt; enough for the &lt;strong&gt;anti-semitic&lt;/strong&gt; conspiratards&lt;/a&gt;&lt;/p&gt;&lt;/li&gt;
&lt;li&gt;&lt;p&gt;&lt;a href=""http://www.reddit.com/r/conspiratard/comments/143mbe/alex_jones_admits_his_wife_is_a_polish_jew/""&gt;Alex Jones Admits His Wife is a Polish &lt;strong&gt;Jew&lt;/strong&gt; - [1:56]&lt;/a&gt;&lt;/p&gt;&lt;/li&gt;
&lt;li&gt;&lt;p&gt;&lt;a href=""http://www.reddit.com/r/conspiratard/comments/142rs0/alex_jones_wife_called_a_jew_and_insulted_live_on/""&gt;Alex Jones&amp;#39; wife called a &lt;strong&gt;Jew&lt;/strong&gt; and insulted live on his show - [0:40]&lt;/a&gt;&lt;/p&gt;&lt;/li&gt;
&lt;li&gt;&lt;p&gt;&lt;a href=""http://www.reddit.com/r/conspiratard/comments/1416po/not_to_alarm_you_guys_but_the_jewish_lizard/""&gt;Not to alarm you guys, but the &lt;strong&gt;Jewish&lt;/strong&gt; lizard Illuminati conspiracy has infiltrated baseball&lt;/a&gt;&lt;/p&gt;&lt;/li&gt;
&lt;li&gt;&lt;p&gt;&lt;a href=""http://www.reddit.com/r/conspiratard/comments/140vpq/americans_being_billed_for_project_911_100/""&gt;Americans being billed for &amp;quot;Project 911&amp;quot; - $100 Million Underground Bunker Complex outside of &lt;strong&gt;Tel Aviv&lt;/strong&gt; ... complete with &amp;quot;Certified &lt;strong&gt;Kosher&lt;/strong&gt; Animal Skin Door Signs inscribed according to &lt;strong&gt;Jewish&lt;/strong&gt; Laws&amp;quot;.&lt;/a&gt;&lt;/p&gt;&lt;/li&gt;
&lt;li&gt;&lt;p&gt;&lt;a href=""http://www.reddit.com/r/conspiratard/comments/1404aw/never_mind_911_now_its_the_holocaust_that_was_an/""&gt;Never mind 9/11, now it&amp;#39;s &lt;strong&gt;the Holocaust&lt;/strong&gt; that was an inside job&lt;/a&gt;&lt;/p&gt;&lt;/li&gt;
&lt;li&gt;&lt;p&gt;&lt;a href=""http://www.reddit.com/r/conspiratard/comments/13zq2c/i_would_like_to_make_a_suggestion/""&gt;I would like to make a suggestion. - In honor of the coming apocalypse, and to breath some life into our ridicule of the supernatural. For the week leading up to December 21st &lt;strong&gt;we stop all the JOO related posts&lt;/strong&gt; and libertard bullshit and focus in on apocalyptic predictions, aliens, and other hilarious &amp;quot;spiritual&amp;quot; conspirtards.&lt;/a&gt;&lt;/p&gt;&lt;/li&gt;
&lt;li&gt;&lt;p&gt;&lt;a href=""http://www.reddit.com/r/conspiratard/comments/13y9bh/anger_as_hungary_farright_leader_demands_lists_of/""&gt;Anger as Hungary far-right leader demands lists of &lt;strong&gt;Jews&lt;/strong&gt;&lt;/a&gt;&lt;/p&gt;&lt;/li&gt;
&lt;li&gt;&lt;p&gt;&lt;a href=""http://www.reddit.com/r/conspiratard/comments/13y38j/i_bet_youll_never_guess_what_tttt0tttt_blames_for/""&gt;I bet you&amp;#39;ll never guess what tttt0tttt blames for the problems in the black community...&lt;/a&gt;&lt;/p&gt;&lt;/li&gt;
&lt;li&gt;&lt;p&gt;&lt;a href=""http://www.reddit.com/r/conspiratard/comments/13y0n2/never_heard_this_form_of_conspiracy_theory_before/""&gt;Never heard this form of conspiracy theory before: someone is controlling the &lt;strong&gt;joos&lt;/strong&gt;... it&amp;#39;s other &lt;strong&gt;joos!&lt;/strong&gt;&lt;/a&gt;&lt;/p&gt;&lt;/li&gt;
&lt;li&gt;&lt;p&gt;&lt;a href=""http://www.reddit.com/r/conspiratard/comments/13xvxk/zionist_jewish_supremacy_kkk_in_rireland_thread/""&gt;&amp;quot;&lt;strong&gt;Zionist ... Jewish Supremacy&lt;/strong&gt; ... KKK&amp;quot; in r/ireland thread on speech by Irish Minister for Justice/Equality Alan Shatter&lt;/a&gt;&lt;/p&gt;&lt;/li&gt;
&lt;li&gt;&lt;p&gt;&lt;a href=""http://www.reddit.com/r/conspiratard/comments/13u3ym/rconspiracy_actually_deleted_something_antisemitic/""&gt;/r/conspiracy Actually deleted something &lt;strong&gt;Anti-Semitic&lt;/strong&gt;&lt;/a&gt;&lt;/p&gt;&lt;/li&gt;
&lt;li&gt;&lt;p&gt;&lt;a href=""http://www.reddit.com/r/conspiratard/comments/13tjxs/rconspiratards_favorite_antisemite_tttt0tttt_left/""&gt;r/conspiratard&amp;#39;s favorite &lt;strong&gt;anti-Semite&lt;/strong&gt;, tttt0tttt, left this gem over at the sub I mod.&lt;/a&gt;&lt;/p&gt;&lt;/li&gt;
&lt;li&gt;&lt;p&gt;&lt;a href=""http://www.reddit.com/r/conspiratard/comments/13sjta/guys_put_down_your_gefilte_cakes_serious/""&gt;Guys, put down your &lt;strong&gt;gefilte cakes&lt;/strong&gt;. Serious conspiracy business here. Is Frankie (a well known gaming YouTuber) a Day Z hacker?&lt;/a&gt;&lt;/p&gt;&lt;/li&gt;
&lt;li&gt;&lt;p&gt;&lt;a href=""http://www.reddit.com/r/conspiratard/comments/13s3u6/the_message_here_seems_to_be_that_antisemitism/""&gt;The message here seems to be that &lt;strong&gt;anti-Semitism&lt;/strong&gt; isn&amp;#39;t &lt;strong&gt;anti-Semitic&lt;/strong&gt; if &lt;strong&gt;anti-Semites&lt;/strong&gt; don&amp;#39;t see the &lt;strong&gt;Semites&lt;/strong&gt; as &lt;strong&gt;Semitic&lt;/strong&gt;.&lt;/a&gt;&lt;/p&gt;&lt;/li&gt;
&lt;li&gt;&lt;p&gt;&lt;a href=""http://www.reddit.com/r/conspiratard/comments/13r7e3/neo_nazi_goes_on_rconspiracy_to_expose_a_user_for/""&gt;&lt;strong&gt;Neo Nazi&lt;/strong&gt; goes on r/conspiracy to expose a user for using an alt account, inadvertently exposes himself for using alt accounts to upvote his own posts&lt;/a&gt;&lt;/p&gt;&lt;/li&gt;
&lt;li&gt;&lt;p&gt;&lt;a href=""http://www.reddit.com/r/conspiratard/comments/13qml0/why_does_it_have_to_be_such_that_any_opposition/""&gt;Why does it have to be such that any opposition to &lt;strong&gt;Israel&lt;/strong&gt; is immediately lumped in with that thereof the conspiratards&amp;#39;?&lt;/a&gt;&lt;/p&gt;&lt;/li&gt;
&lt;li&gt;&lt;p&gt;&lt;a href=""http://www.reddit.com/r/conspiratard/comments/13qkmh/well_then_in_this_case_the_truth_and_holocaust/""&gt;&amp;quot;Well then, in this case, the truth and &lt;strong&gt;Holocaust&lt;/strong&gt; denial seem to be one in the same.&amp;quot;&lt;/a&gt;&lt;/p&gt;&lt;/li&gt;
&lt;li&gt;&lt;p&gt;&lt;a href=""http://www.reddit.com/r/conspiratard/comments/13qj75/if_i_was_a_joo_i_would_totally_have_a_good_job/""&gt;If I was a &lt;strong&gt;Joo&lt;/strong&gt; I would totally have a good job writing for the NYTimes.&lt;/a&gt;&lt;/p&gt;&lt;/li&gt;
&lt;li&gt;&lt;p&gt;&lt;a href=""http://www.reddit.com/r/conspiratard/comments/13qchd/wake_up_sheeple_alex_jones_wife_is_a_jew/""&gt;WAKE UP SHEEPLE! Alex Jones&amp;#39; Wife is a &lt;strong&gt;JEW!!&lt;/strong&gt;&lt;/a&gt;&lt;/p&gt;&lt;/li&gt;
&lt;li&gt;&lt;p&gt;&lt;a href=""http://www.reddit.com/r/conspiratard/comments/13pydn/the_nazis_did_nothing_wrong_but_they_should_have/""&gt;&lt;strong&gt;The Nazi&amp;#39;s&lt;/strong&gt; did nothing wrong! But they should have!&lt;/a&gt;&lt;/p&gt;&lt;/li&gt;
&lt;li&gt;&lt;p&gt;&lt;a href=""http://www.reddit.com/r/conspiratard/comments/13ps0f/blood_libel_makes_a_comeback/""&gt;&lt;strong&gt;Blood libel&lt;/strong&gt; makes a comeback.&lt;/a&gt;&lt;/p&gt;&lt;/li&gt;
&lt;/ol&gt;

&lt;hr/&gt;

&lt;p&gt;Past collection posts (both heavily downvoted by the obsessed like this one will also no doubt be, presumably out of shame and anger):&lt;/p&gt;

&lt;ul&gt;
&lt;li&gt;&lt;p&gt;&lt;a href=""http://www.reddit.com/r/NolibsWatch/comments/11zxgq/bigoted_hategroup_rconspiratard_is_looking_more/""&gt;http://www.reddit.com/r/NolibsWatch/comments/11zxgq/bigoted_hategroup_rconspiratard_is_looking_more/&lt;/a&gt;&lt;/p&gt;&lt;/li&gt;
&lt;li&gt;&lt;p&gt;&lt;a href=""http://www.reddit.com/r/NolibsWatch/comments/10k2bw/nolibs_crew_subreddit_rconspiratard_is_pretty/""&gt;http://www.reddit.com/r/NolibsWatch/comments/10k2bw/nolibs_crew_subreddit_rconspiratard_is_pretty/&lt;/a&gt;&lt;/p&gt;&lt;/li&gt;
&lt;/ul&gt;
&lt;/div&gt;&lt;!-- SC_ON --&gt;",self.NolibsWatch,TheGhostOfDusty,[],[],0,/r/NolibsWatch/comments/144k3p/a_third_collection_of_recent_posts_relating_to/,{},,0,,False,False,{},True,False,144k3p,self,
